{"nm":"waves","ddd":0,"h":200,"w":1920,"meta":{"g":"@lottiefiles/toolkit-js 0.33.2"},"layers":[{"ty":1,"nm":"Medium Gray-Royal Blue Solid 1","sr":1,"st":0,"op":450,"ip":0,"hd":false,"ddd":0,"bm":0,"hasMask":false,"ao":0,"ks":{"a":{"a":0,"k":[960,100,0],"ix":1},"s":{"a":0,"k":[100,100,100],"ix":6},"sk":{"a":0,"k":0},"p":{"a":0,"k":[960,250,0],"ix":2},"r":{"a":0,"k":0,"ix":10},"sa":{"a":0,"k":0},"o":{"a":0,"k":100,"ix":11}},"ef":[],"sc":"#38abd8","sh":200,"sw":1920,"ind":1},{"ty":3,"nm":"Null 1","sr":1,"st":0,"op":450,"ip":0,"hd":false,"ddd":0,"bm":0,"hasMask":false,"ao":0,"ks":{"a":{"a":0,"k":[0,0,0],"ix":1},"s":{"a":0,"k":[100,52,100],"ix":6},"sk":{"a":0,"k":0},"p":{"a":0,"k":[960,100,0],"ix":2},"r":{"a":0,"k":0,"ix":10},"sa":{"a":0,"k":0},"o":{"a":0,"k":0,"ix":11}},"ef":[],"ind":2},{"ty":4,"nm":"Shape Layer 1","sr":1,"st":0,"op":450,"ip":0,"hd":false,"ddd":0,"bm":0,"hasMask":false,"ao":0,"ks":{"a":{"a":0,"k":[0,0,0],"ix":1},"s":{"a":0,"k":[100,100,100],"ix":6},"sk":{"a":0,"k":0},"p":{"a":0,"k":[0,20,0],"ix":2},"r":{"a":0,"k":0,"ix":10},"sa":{"a":0,"k":0},"o":{"a":0,"k":100,"ix":11}},"ef":[],"shapes":[{"ty":"gr","bm":0,"hd":false,"mn":"ADBE Vector Group","nm":"Shape 1","ix":1,"cix":2,"np":3,"it":[{"ty":"sh","bm":0,"hd":false,"mn":"ADBE Vector Shape - Group","nm":"Path 1","ix":1,"d":1,"ks":{"a":1,"k":[{"o":{"x":0.333,"y":0},"i":{"x":0.667,"y":1},"s":[{"c":true,"i":[[152.5,-5],[48.5,0],[0,0],[0,0],[0,0],[67,0],[151,-5],[172,3],[140,2]],"o":[[-152.5,5],[-48.5,0],[0,0],[0,0],[0,0],[-67,0],[-151,5],[-172,-3],[-140,-2]],"v":[[-625.5,-15],[-959.5,28],[-1000.5,62],[-1018,220],[1067.5,118.5],[958.5,28],[722,59],[334,-7],[-135,66]]}],"t":0},{"o":{"x":0.333,"y":0},"i":{"x":0.667,"y":1},"s":[{"c":true,"i":[[152.5,-5],[48.5,0],[0,0],[0,0],[0,0],[67,0],[151,-5],[172,3],[140,2]],"o":[[-152.5,5],[-48.5,0],[0,0],[0,0],[0,0],[-67,0],[-151,5],[-172,-3],[-140,-2]],"v":[[-610.5,55],[-959.5,28],[-1000.5,62],[-1018,220],[1067.5,118.5],[958.5,28],[722,-10],[339,67],[-131,-8]]}],"t":20},{"o":{"x":0.333,"y":0},"i":{"x":0.667,"y":1},"s":[{"c":true,"i":[[122,-84],[48.5,0],[0,0],[0,0],[0,0],[67,0],[140.945,54.409],[163.819,-52.5],[126.181,60.682]],"o":[[-125.674,86.529],[-48.5,0],[0,0],[0,0],[0,0],[-67,0],[-136,-52.5],[-168.5,54],[-131,-63]],"v":[[-590,28],[-959.5,28],[-1000.5,62],[-1018,220],[1067.5,118.5],[958.5,28],[722,24.5],[336.5,30],[-133,29]]}],"t":40},{"o":{"x":0.333,"y":0},"i":{"x":0.667,"y":1},"s":[{"c":true,"i":[[152.5,-5],[48.5,0],[0,0],[0,0],[0,0],[67,0],[151,-5],[172,3],[140,2]],"o":[[-152.5,5],[-48.5,0],[0,0],[0,0],[0,0],[-67,0],[-151,5],[-172,-3],[-140,-2]],"v":[[-625.5,-15],[-959.5,28],[-1000.5,62],[-1018,220],[1067.5,118.5],[958.5,28],[722,59],[334,-7],[-135,66]]}],"t":60},{"o":{"x":0.333,"y":0},"i":{"x":0.667,"y":1},"s":[{"c":true,"i":[[152.5,-5],[48.5,0],[0,0],[0,0],[0,0],[67,0],[151,-5],[172,3],[140,2]],"o":[[-152.5,5],[-48.5,0],[0,0],[0,0],[0,0],[-67,0],[-151,5],[-172,-3],[-140,-2]],"v":[[-610.5,55],[-959.5,28],[-1000.5,62],[-1018,220],[1067.5,118.5],[958.5,28],[722,-10],[339,67],[-131,-8]]}],"t":80},{"o":{"x":0.333,"y":0},"i":{"x":0.667,"y":1},"s":[{"c":true,"i":[[122,-84],[48.5,0],[0,0],[0,0],[0,0],[67,0],[140.945,54.409],[163.819,-52.5],[126.181,60.682]],"o":[[-125.674,86.529],[-48.5,0],[0,0],[0,0],[0,0],[-67,0],[-136,-52.5],[-168.5,54],[-131,-63]],"v":[[-590,28],[-959.5,28],[-1000.5,62],[-1018,220],[1067.5,118.5],[958.5,28],[722,24.5],[336.5,30],[-133,29]]}],"t":100},{"s":[{"c":true,"i":[[152.5,-5],[48.5,0],[0,0],[0,0],[0,0],[67,0],[151,-5],[172,3],[140,2]],"o":[[-152.5,5],[-48.5,0],[0,0],[0,0],[0,0],[-67,0],[-151,5],[-172,-3],[-140,-2]],"v":[[-625.5,-15],[-959.5,28],[-1000.5,62],[-1018,220],[1067.5,118.5],[958.5,28],[722,59],[334,-7],[-135,66]]}],"t":120}],"ix":2}},{"ty":"fl","bm":0,"hd":false,"mn":"ADBE Vector Graphic - Fill","nm":"Fill 1","c":{"a":0,"k":[0.0392,0.5725,0.7804],"ix":4},"r":1,"o":{"a":0,"k":100,"ix":5}},{"ty":"tr","a":{"a":0,"k":[0,0],"ix":1},"s":{"a":0,"k":[100,100],"ix":3},"sk":{"a":0,"k":0,"ix":4},"p":{"a":0,"k":[0,0],"ix":2},"r":{"a":0,"k":0,"ix":6},"sa":{"a":0,"k":0,"ix":5},"o":{"a":0,"k":100,"ix":7}}]}],"ind":3,"parent":2},{"ty":4,"nm":"Shape Layer 2","sr":1,"st":-10,"op":440,"ip":-10,"hd":false,"ddd":0,"bm":0,"hasMask":false,"ao":0,"ks":{"a":{"a":0,"k":[0,0,0],"ix":1},"s":{"a":0,"k":[100,100,100],"ix":6},"sk":{"a":0,"k":0},"p":{"a":0,"k":[0,0,0],"ix":2},"r":{"a":0,"k":0,"ix":10},"sa":{"a":0,"k":0},"o":{"a":0,"k":100,"ix":11}},"ef":[],"shapes":[{"ty":"gr","bm":0,"hd":false,"mn":"ADBE Vector Group","nm":"Shape 1","ix":1,"cix":2,"np":3,"it":[{"ty":"sh","bm":0,"hd":false,"mn":"ADBE Vector Shape - Group","nm":"Path 1","ix":1,"d":1,"ks":{"a":1,"k":[{"o":{"x":0.333,"y":0},"i":{"x":0.667,"y":1},"s":[{"c":true,"i":[[152.5,-5],[48.5,0],[0,0],[0,0],[0,0],[67,0],[151,-5],[172,3],[140,2]],"o":[[-152.5,5],[-48.5,0],[0,0],[0,0],[0,0],[-67,0],[-151,5],[-172,-3],[-140,-2]],"v":[[-625.5,-15],[-959.5,28],[-1000.5,62],[-1018,220],[1067.5,118.5],[958.5,28],[722,59],[334,-7],[-135,66]]}],"t":-10},{"o":{"x":0.333,"y":0},"i":{"x":0.667,"y":1},"s":[{"c":true,"i":[[152.5,-5],[48.5,0],[0,0],[0,0],[0,0],[67,0],[151,-5],[172,3],[140,2]],"o":[[-152.5,5],[-48.5,0],[0,0],[0,0],[0,0],[-67,0],[-151,5],[-172,-3],[-140,-2]],"v":[[-610.5,55],[-959.5,28],[-1000.5,62],[-1018,220],[1067.5,118.5],[958.5,28],[722,-10],[339,67],[-131,-8]]}],"t":10},{"o":{"x":0.333,"y":0},"i":{"x":0.667,"y":1},"s":[{"c":true,"i":[[122,-84],[48.5,0],[0,0],[0,0],[0,0],[67,0],[140.945,54.409],[163.819,-52.5],[126.181,60.682]],"o":[[-125.674,86.529],[-48.5,0],[0,0],[0,0],[0,0],[-67,0],[-136,-52.5],[-168.5,54],[-131,-63]],"v":[[-590,28],[-959.5,28],[-1000.5,62],[-1018,220],[1067.5,118.5],[958.5,28],[722,24.5],[336.5,30],[-133,29]]}],"t":30},{"o":{"x":0.333,"y":0},"i":{"x":0.667,"y":1},"s":[{"c":true,"i":[[152.5,-5],[48.5,0],[0,0],[0,0],[0,0],[67,0],[151,-5],[172,3],[140,2]],"o":[[-152.5,5],[-48.5,0],[0,0],[0,0],[0,0],[-67,0],[-151,5],[-172,-3],[-140,-2]],"v":[[-625.5,-15],[-959.5,28],[-1000.5,62],[-1018,220],[1067.5,118.5],[958.5,28],[722,59],[334,-7],[-135,66]]}],"t":50},{"o":{"x":0.333,"y":0},"i":{"x":0.667,"y":1},"s":[{"c":true,"i":[[152.5,-5],[48.5,0],[0,0],[0,0],[0,0],[67,0],[151,-5],[172,3],[140,2]],"o":[[-152.5,5],[-48.5,0],[0,0],[0,0],[0,0],[-67,0],[-151,5],[-172,-3],[-140,-2]],"v":[[-610.5,55],[-959.5,28],[-1000.5,62],[-1018,220],[1067.5,118.5],[958.5,28],[722,-10],[339,67],[-131,-8]]}],"t":70},{"o":{"x":0.333,"y":0},"i":{"x":0.667,"y":1},"s":[{"c":true,"i":[[122,-84],[48.5,0],[0,0],[0,0],[0,0],[67,0],[140.945,54.409],[163.819,-52.5],[126.181,60.682]],"o":[[-125.674,86.529],[-48.5,0],[0,0],[0,0],[0,0],[-67,0],[-136,-52.5],[-168.5,54],[-131,-63]],"v":[[-590,28],[-959.5,28],[-1000.5,62],[-1018,220],[1067.5,118.5],[958.5,28],[722,24.5],[336.5,30],[-133,29]]}],"t":90},{"s":[{"c":true,"i":[[152.5,-5],[48.5,0],[0,0],[0,0],[0,0],[67,0],[151,-5],[172,3],[140,2]],"o":[[-152.5,5],[-48.5,0],[0,0],[0,0],[0,0],[-67,0],[-151,5],[-172,-3],[-140,-2]],"v":[[-625.5,-15],[-959.5,28],[-1000.5,62],[-1018,220],[1067.5,118.5],[958.5,28],[722,59],[334,-7],[-135,66]]}],"t":110}],"ix":2}},{"ty":"fl","bm":0,"hd":false,"mn":"ADBE Vector Graphic - Fill","nm":"Fill 1","c":{"a":0,"k":[0.251,0.6353,0.7882],"ix":4},"r":1,"o":{"a":0,"k":100,"ix":5}},{"ty":"tr","a":{"a":0,"k":[0,0],"ix":1},"s":{"a":0,"k":[100,100],"ix":3},"sk":{"a":0,"k":0,"ix":4},"p":{"a":0,"k":[0,0],"ix":2},"r":{"a":0,"k":0,"ix":6},"sa":{"a":0,"k":0,"ix":5},"o":{"a":0,"k":100,"ix":7}}]}],"ind":4,"parent":2},{"ty":4,"nm":"Shape Layer 4","sr":1,"st":-20,"op":430,"ip":-20,"hd":false,"ddd":0,"bm":0,"hasMask":false,"ao":0,"ks":{"a":{"a":0,"k":[0,0,0],"ix":1},"s":{"a":0,"k":[100,100,100],"ix":6},"sk":{"a":0,"k":0},"p":{"a":0,"k":[0,-20,0],"ix":2},"r":{"a":0,"k":0,"ix":10},"sa":{"a":0,"k":0},"o":{"a":0,"k":100,"ix":11}},"ef":[],"shapes":[{"ty":"gr","bm":0,"hd":false,"mn":"ADBE Vector Group","nm":"Shape 1","ix":1,"cix":2,"np":3,"it":[{"ty":"sh","bm":0,"hd":false,"mn":"ADBE Vector Shape - Group","nm":"Path 1","ix":1,"d":1,"ks":{"a":1,"k":[{"o":{"x":0.333,"y":0},"i":{"x":0.667,"y":1},"s":[{"c":true,"i":[[152.5,-5],[48.5,0],[0,0],[0,0],[0,0],[67,0],[151,-5],[172,3],[140,2]],"o":[[-152.5,5],[-48.5,0],[0,0],[0,0],[0,0],[-67,0],[-151,5],[-172,-3],[-140,-2]],"v":[[-625.5,-15],[-959.5,28],[-1000.5,62],[-1018,220],[1067.5,118.5],[958.5,28],[722,59],[334,-7],[-135,66]]}],"t":-20},{"o":{"x":0.333,"y":0},"i":{"x":0.667,"y":1},"s":[{"c":true,"i":[[152.5,-5],[48.5,0],[0,0],[0,0],[0,0],[67,0],[151,-5],[172,3],[140,2]],"o":[[-152.5,5],[-48.5,0],[0,0],[0,0],[0,0],[-67,0],[-151,5],[-172,-3],[-140,-2]],"v":[[-610.5,55],[-959.5,28],[-1000.5,62],[-1018,220],[1067.5,118.5],[958.5,28],[722,-10],[339,67],[-131,-8]]}],"t":0},{"o":{"x":0.333,"y":0},"i":{"x":0.667,"y":1},"s":[{"c":true,"i":[[122,-84],[48.5,0],[0,0],[0,0],[0,0],[67,0],[140.945,54.409],[163.819,-52.5],[126.181,60.682]],"o":[[-125.674,86.529],[-48.5,0],[0,0],[0,0],[0,0],[-67,0],[-136,-52.5],[-168.5,54],[-131,-63]],"v":[[-590,28],[-959.5,28],[-1000.5,62],[-1018,220],[1067.5,118.5],[958.5,28],[722,24.5],[336.5,30],[-133,29]]}],"t":20},{"o":{"x":0.333,"y":0},"i":{"x":0.667,"y":1},"s":[{"c":true,"i":[[152.5,-5],[48.5,0],[0,0],[0,0],[0,0],[67,0],[151,-5],[172,3],[140,2]],"o":[[-152.5,5],[-48.5,0],[0,0],[0,0],[0,0],[-67,0],[-151,5],[-172,-3],[-140,-2]],"v":[[-625.5,-15],[-959.5,28],[-1000.5,62],[-1018,220],[1067.5,118.5],[958.5,28],[722,59],[334,-7],[-135,66]]}],"t":40},{"o":{"x":0.333,"y":0},"i":{"x":0.667,"y":1},"s":[{"c":true,"i":[[152.5,-5],[48.5,0],[0,0],[0,0],[0,0],[67,0],[151,-5],[172,3],[140,2]],"o":[[-152.5,5],[-48.5,0],[0,0],[0,0],[0,0],[-67,0],[-151,5],[-172,-3],[-140,-2]],"v":[[-610.5,55],[-959.5,28],[-1000.5,62],[-1018,220],[1067.5,118.5],[958.5,28],[722,-10],[339,67],[-131,-8]]}],"t":60},{"o":{"x":0.333,"y":0},"i":{"x":0.667,"y":1},"s":[{"c":true,"i":[[122,-84],[48.5,0],[0,0],[0,0],[0,0],[67,0],[140.945,54.409],[163.819,-52.5],[126.181,60.682]],"o":[[-125.674,86.529],[-48.5,0],[0,0],[0,0],[0,0],[-67,0],[-136,-52.5],[-168.5,54],[-131,-63]],"v":[[-590,28],[-959.5,28],[-1000.5,62],[-1018,220],[1067.5,118.5],[958.5,28],[722,24.5],[336.5,30],[-133,29]]}],"t":80},{"s":[{"c":true,"i":[[152.5,-5],[48.5,0],[0,0],[0,0],[0,0],[67,0],[151,-5],[172,3],[140,2]],"o":[[-152.5,5],[-48.5,0],[0,0],[0,0],[0,0],[-67,0],[-151,5],[-172,-3],[-140,-2]],"v":[[-625.5,-15],[-959.5,28],[-1000.5,62],[-1018,220],[1067.5,118.5],[958.5,28],[722,59],[334,-7],[-135,66]]}],"t":100}],"ix":2}},{"ty":"fl","bm":0,"hd":false,"mn":"ADBE Vector Graphic - Fill","nm":"Fill 1","c":{"a":0,"k":[0.1294,0.6627,0.8706],"ix":4},"r":1,"o":{"a":0,"k":100,"ix":5}},{"ty":"tr","a":{"a":0,"k":[0,0],"ix":1},"s":{"a":0,"k":[100,100],"ix":3},"sk":{"a":0,"k":0,"ix":4},"p":{"a":0,"k":[0,0],"ix":2},"r":{"a":0,"k":0,"ix":6},"sa":{"a":0,"k":0,"ix":5},"o":{"a":0,"k":100,"ix":7}}]}],"ind":5,"parent":2},{"ty":4,"nm":"Shape Layer 5","sr":1,"st":-30,"op":420,"ip":-30,"hd":false,"ddd":0,"bm":0,"hasMask":false,"ao":0,"ks":{"a":{"a":0,"k":[0,0,0],"ix":1},"s":{"a":0,"k":[100,100,100],"ix":6},"sk":{"a":0,"k":0},"p":{"a":0,"k":[0,-40,0],"ix":2},"r":{"a":0,"k":0,"ix":10},"sa":{"a":0,"k":0},"o":{"a":0,"k":100,"ix":11}},"ef":[],"shapes":[{"ty":"gr","bm":0,"hd":false,"mn":"ADBE Vector Group","nm":"Shape 1","ix":1,"cix":2,"np":3,"it":[{"ty":"sh","bm":0,"hd":false,"mn":"ADBE Vector Shape - Group","nm":"Path 1","ix":1,"d":1,"ks":{"a":1,"k":[{"o":{"x":0.333,"y":0},"i":{"x":0.667,"y":1},"s":[{"c":true,"i":[[152.5,-5],[48.5,0],[0,0],[0,0],[0,0],[67,0],[151,-5],[172,3],[140,2]],"o":[[-152.5,5],[-48.5,0],[0,0],[0,0],[0,0],[-67,0],[-151,5],[-172,-3],[-140,-2]],"v":[[-625.5,-15],[-959.5,28],[-1000.5,62],[-1018,220],[1067.5,118.5],[958.5,28],[722,59],[334,-7],[-135,66]]}],"t":-30},{"o":{"x":0.333,"y":0},"i":{"x":0.667,"y":1},"s":[{"c":true,"i":[[152.5,-5],[48.5,0],[0,0],[0,0],[0,0],[67,0],[151,-5],[172,3],[140,2]],"o":[[-152.5,5],[-48.5,0],[0,0],[0,0],[0,0],[-67,0],[-151,5],[-172,-3],[-140,-2]],"v":[[-610.5,55],[-959.5,28],[-1000.5,62],[-1018,220],[1067.5,118.5],[958.5,28],[722,-10],[339,67],[-131,-8]]}],"t":-10},{"o":{"x":0.333,"y":0},"i":{"x":0.667,"y":1},"s":[{"c":true,"i":[[122,-84],[48.5,0],[0,0],[0,0],[0,0],[67,0],[140.945,54.409],[163.819,-52.5],[126.181,60.682]],"o":[[-125.674,86.529],[-48.5,0],[0,0],[0,0],[0,0],[-67,0],[-136,-52.5],[-168.5,54],[-131,-63]],"v":[[-590,28],[-959.5,28],[-1000.5,62],[-1018,220],[1067.5,118.5],[958.5,28],[722,24.5],[336.5,30],[-133,29]]}],"t":10},{"o":{"x":0.333,"y":0},"i":{"x":0.667,"y":1},"s":[{"c":true,"i":[[152.5,-5],[48.5,0],[0,0],[0,0],[0,0],[67,0],[151,-5],[172,3],[140,2]],"o":[[-152.5,5],[-48.5,0],[0,0],[0,0],[0,0],[-67,0],[-151,5],[-172,-3],[-140,-2]],"v":[[-625.5,-15],[-959.5,28],[-1000.5,62],[-1018,220],[1067.5,118.5],[958.5,28],[722,59],[334,-7],[-135,66]]}],"t":30},{"o":{"x":0.333,"y":0},"i":{"x":0.667,"y":1},"s":[{"c":true,"i":[[152.5,-5],[48.5,0],[0,0],[0,0],[0,0],[67,0],[151,-5],[172,3],[140,2]],"o":[[-152.5,5],[-48.5,0],[0,0],[0,0],[0,0],[-67,0],[-151,5],[-172,-3],[-140,-2]],"v":[[-610.5,55],[-959.5,28],[-1000.5,62],[-1018,220],[1067.5,118.5],[958.5,28],[722,-10],[339,67],[-131,-8]]}],"t":50},{"o":{"x":0.333,"y":0},"i":{"x":0.667,"y":1},"s":[{"c":true,"i":[[122,-84],[48.5,0],[0,0],[0,0],[0,0],[67,0],[140.945,54.409],[163.819,-52.5],[126.181,60.682]],"o":[[-125.674,86.529],[-48.5,0],[0,0],[0,0],[0,0],[-67,0],[-136,-52.5],[-168.5,54],[-131,-63]],"v":[[-590,28],[-959.5,28],[-1000.5,62],[-1018,220],[1067.5,118.5],[958.5,28],[722,24.5],[336.5,30],[-133,29]]}],"t":70},{"s":[{"c":true,"i":[[152.5,-5],[48.5,0],[0,0],[0,0],[0,0],[67,0],[151,-5],[172,3],[140,2]],"o":[[-152.5,5],[-48.5,0],[0,0],[0,0],[0,0],[-67,0],[-151,5],[-172,-3],[-140,-2]],"v":[[-625.5,-15],[-959.5,28],[-1000.5,62],[-1018,220],[1067.5,118.5],[958.5,28],[722,59],[334,-7],[-135,66]]}],"t":90}],"ix":2}},{"ty":"fl","bm":0,"hd":false,"mn":"ADBE Vector Graphic - Fill","nm":"Fill 1","c":{"a":0,"k":[0.0392,0.5725,0.7804],"ix":4},"r":1,"o":{"a":0,"k":100,"ix":5}},{"ty":"tr","a":{"a":0,"k":[0,0],"ix":1},"s":{"a":0,"k":[100,100],"ix":3},"sk":{"a":0,"k":0,"ix":4},"p":{"a":0,"k":[0,0],"ix":2},"r":{"a":0,"k":0,"ix":6},"sa":{"a":0,"k":0,"ix":5},"o":{"a":0,"k":100,"ix":7}}]}],"ind":6,"parent":2},{"ty":4,"nm":"Shape Layer 3","sr":1,"st":-40,"op":410,"ip":-40,"hd":false,"ddd":0,"bm":0,"hasMask":false,"ao":0,"ks":{"a":{"a":0,"k":[0,0,0],"ix":1},"s":{"a":0,"k":[100,100,100],"ix":6},"sk":{"a":0,"k":0},"p":{"a":0,"k":[0,-40,0],"ix":2},"r":{"a":0,"k":0,"ix":10},"sa":{"a":0,"k":0},"o":{"a":0,"k":100,"ix":11}},"ef":[],"shapes":[{"ty":"gr","bm":0,"hd":false,"mn":"ADBE Vector Group","nm":"Shape 1","ix":1,"cix":2,"np":3,"it":[{"ty":"sh","bm":0,"hd":false,"mn":"ADBE Vector Shape - Group","nm":"Path 1","ix":1,"d":1,"ks":{"a":1,"k":[{"o":{"x":0.333,"y":0},"i":{"x":0.667,"y":1},"s":[{"c":true,"i":[[152.5,-5],[48.5,0],[0,0],[0,0],[0,0],[67,0],[151,-5],[172,3],[140,2]],"o":[[-152.5,5],[-48.5,0],[0,0],[0,0],[0,0],[-67,0],[-151,5],[-172,-3],[-140,-2]],"v":[[-625.5,-15],[-959.5,28],[-1000.5,62],[-1018,220],[1067.5,118.5],[958.5,28],[722,59],[334,-7],[-135,66]]}],"t":-40},{"o":{"x":0.333,"y":0},"i":{"x":0.667,"y":1},"s":[{"c":true,"i":[[152.5,-5],[48.5,0],[0,0],[0,0],[0,0],[67,0],[151,-5],[172,3],[140,2]],"o":[[-152.5,5],[-48.5,0],[0,0],[0,0],[0,0],[-67,0],[-151,5],[-172,-3],[-140,-2]],"v":[[-610.5,55],[-959.5,28],[-1000.5,62],[-1018,220],[1067.5,118.5],[958.5,28],[722,-10],[339,67],[-131,-8]]}],"t":-20},{"o":{"x":0.333,"y":0},"i":{"x":0.667,"y":1},"s":[{"c":true,"i":[[122,-84],[48.5,0],[0,0],[0,0],[0,0],[67,0],[140.945,54.409],[163.819,-52.5],[126.181,60.682]],"o":[[-125.674,86.529],[-48.5,0],[0,0],[0,0],[0,0],[-67,0],[-136,-52.5],[-168.5,54],[-131,-63]],"v":[[-590,28],[-959.5,28],[-1000.5,62],[-1018,220],[1067.5,118.5],[958.5,28],[722,24.5],[336.5,30],[-133,29]]}],"t":0},{"o":{"x":0.333,"y":0},"i":{"x":0.667,"y":1},"s":[{"c":true,"i":[[152.5,-5],[48.5,0],[0,0],[0,0],[0,0],[67,0],[151,-5],[172,3],[140,2]],"o":[[-152.5,5],[-48.5,0],[0,0],[0,0],[0,0],[-67,0],[-151,5],[-172,-3],[-140,-2]],"v":[[-625.5,-15],[-959.5,28],[-1000.5,62],[-1018,220],[1067.5,118.5],[958.5,28],[722,59],[334,-7],[-135,66]]}],"t":20},{"o":{"x":0.333,"y":0},"i":{"x":0.667,"y":1},"s":[{"c":true,"i":[[152.5,-5],[48.5,0],[0,0],[0,0],[0,0],[67,0],[151,-5],[172,3],[140,2]],"o":[[-152.5,5],[-48.5,0],[0,0],[0,0],[0,0],[-67,0],[-151,5],[-172,-3],[-140,-2]],"v":[[-610.5,55],[-959.5,28],[-1000.5,62],[-1018,220],[1067.5,118.5],[958.5,28],[722,-10],[339,67],[-131,-8]]}],"t":40},{"o":{"x":0.333,"y":0},"i":{"x":0.667,"y":1},"s":[{"c":true,"i":[[122,-84],[48.5,0],[0,0],[0,0],[0,0],[67,0],[140.945,54.409],[163.819,-52.5],[126.181,60.682]],"o":[[-125.674,86.529],[-48.5,0],[0,0],[0,0],[0,0],[-67,0],[-136,-52.5],[-168.5,54],[-131,-63]],"v":[[-590,28],[-959.5,28],[-1000.5,62],[-1018,220],[1067.5,118.5],[958.5,28],[722,24.5],[336.5,30],[-133,29]]}],"t":60},{"s":[{"c":true,"i":[[152.5,-5],[48.5,0],[0,0],[0,0],[0,0],[67,0],[151,-5],[172,3],[140,2]],"o":[[-152.5,5],[-48.5,0],[0,0],[0,0],[0,0],[-67,0],[-151,5],[-172,-3],[-140,-2]],"v":[[-625.5,-15],[-959.5,28],[-1000.5,62],[-1018,220],[1067.5,118.5],[958.5,28],[722,59],[334,-7],[-135,66]]}],"t":80}],"ix":2}},{"ty":"fl","bm":0,"hd":false,"mn":"ADBE Vector Graphic - Fill","nm":"Fill 1","c":{"a":0,"k":[0.302,0.7647,0.949],"ix":4},"r":1,"o":{"a":0,"k":100,"ix":5}},{"ty":"tr","a":{"a":0,"k":[0,0],"ix":1},"s":{"a":0,"k":[100,100],"ix":3},"sk":{"a":0,"k":0,"ix":4},"p":{"a":0,"k":[0,-20],"ix":2},"r":{"a":0,"k":0,"ix":6},"sa":{"a":0,"k":0,"ix":5},"o":{"a":0,"k":100,"ix":7}}]}],"ind":7,"parent":2},{"ty":1,"nm":"White Solid 2","sr":1,"st":0,"op":450,"ip":0,"hd":false,"ddd":0,"bm":0,"hasMask":false,"ao":0,"ks":{"a":{"a":0,"k":[960,100,0],"ix":1},"s":{"a":0,"k":[100,100,100],"ix":6},"sk":{"a":0,"k":0},"p":{"a":0,"k":[960,100,0],"ix":2},"r":{"a":0,"k":0,"ix":10},"sa":{"a":0,"k":0},"o":{"a":0,"k":100,"ix":11}},"ef":[],"sc":"#ffffff","sh":200,"sw":1920,"ind":8}],"v":"5.5.7","fr":30,"op":61,"ip":0,"assets":[]}